<keymap version="1" name="VSCode copy" parent="VSCode">
  <action id="ActivateVersionControlToolWindow" />
  <action id="CloseAllEditors">
    <keyboard-shortcut first-keystroke="shift ctrl f4" />
  </action>
  <action id="EditorToggleCase">
    <keyboard-shortcut first-keystroke="shift ctrl y" />
    <keyboard-shortcut first-keystroke="shift ctrl x" />
  </action>
  <action id="FindUsages">
    <keyboard-shortcut first-keystroke="shift ctrl g" />
  </action>
  <action id="IntroduceVariable">
    <keyboard-shortcut first-keystroke="shift alt l" />
  </action>
  <action id="Macro.Reformat and save">
    <keyboard-shortcut first-keystroke="shift ctrl s" />
  </action>
  <action id="SaveAll" />
  <action id="SelectAllOccurrences">
    <keyboard-shortcut first-keystroke="ctrl f2" />
  </action>
  <action id="SurroundWith">
    <keyboard-shortcut first-keystroke="shift alt z" />
  </action>
  <action id="WelcomeScreen.Plugins" />
  <action id="context.load" />
</keymap>