<keymap version="1" name="VSCode copy" parent="VSCode">
  <action id="$Redo">
    <keyboard-shortcut first-keystroke="ctrl y" />
  </action>
  <action id="ActivateVersionControlToolWindow" />
  <action id="CloseActiveTab" />
  <action id="CloseAllEditors">
    <keyboard-shortcut first-keystroke="shift ctrl f4" />
  </action>
  <action id="CloseContent">
    <keyboard-shortcut first-keystroke="ctrl f4" />
  </action>
  <action id="Editor Redo">
    <keyboard-shortcut first-keystroke="ctrl y" />
  </action>
  <action id="EditorToggleCase">
    <keyboard-shortcut first-keystroke="shift ctrl y" />
    <keyboard-shortcut first-keystroke="shift ctrl x" />
  </action>
  <action id="FileChooser.NewFile" />
  <action id="FindUsages">
    <keyboard-shortcut first-keystroke="shift ctrl g" />
  </action>
  <action id="GotoClass">
    <keyboard-shortcut first-keystroke="ctrl p" />
  </action>
  <action id="GotoFile" />
  <action id="IntroduceVariable">
    <keyboard-shortcut first-keystroke="shift alt l" />
  </action>
  <action id="Macro.Reformat and save">
    <keyboard-shortcut first-keystroke="shift ctrl s" />
  </action>
  <action id="NewClass">
    <keyboard-shortcut first-keystroke="ctrl n" />
  </action>
  <action id="SaveAll" />
  <action id="SelectAllOccurrences">
    <keyboard-shortcut first-keystroke="ctrl f2" />
  </action>
  <action id="SurroundWith">
    <keyboard-shortcut first-keystroke="shift alt z" />
  </action>
  <action id="WelcomeScreen.Plugins" />
  <action id="context.load" />
</keymap>