<application>
  <component name="CodeInsightSettings">
    <EXCLUDED_PACKAGE NAME="ch.qos" />
    <EXCLUDED_PACKAGE NAME="ch.qos.logback.core.Context" />
    <EXCLUDED_PACKAGE NAME="com.google.api.Context" />
    <EXCLUDED_PACKAGE NAME="com.google.appengine.repackaged" />
    <EXCLUDED_PACKAGE NAME="com.google.common.base.Function" />
    <EXCLUDED_PACKAGE NAME="com.google.storage.onestore.v3" />
    <EXCLUDED_PACKAGE NAME="com.google.zxing" />
    <EXCLUDED_PACKAGE NAME="com.stripe.model.File" />
    <EXCLUDED_PACKAGE NAME="com.stripe.model.terminal.Reader" />
    <EXCLUDED_PACKAGE NAME="com.stripe.param.checkout.SessionCreateParams.Locale" />
    <EXCLUDED_PACKAGE NAME="io.grpc" />
    <EXCLUDED_PACKAGE NAME="javax.naming" />
    <EXCLUDED_PACKAGE NAME="javax.xml" />
    <EXCLUDED_PACKAGE NAME="kotlin.Function" />
    <EXCLUDED_PACKAGE NAME="org.hamcrest" />
    <EXCLUDED_PACKAGE NAME="org.intellij" />
    <EXCLUDED_PACKAGE NAME="org.jetbrains" />
  </component>
  <component name="DefaultFont">
    <option name="FONT_SIZE" value="14" />
  </component>
</application>